timestamp,consumption,temperature,humidity,occupancy,is_anomaly
2025-03-28 11:00:00,132.75204351722414,33.34585228252688,41.59013685852244,47,0
2025-03-28 12:00:00,137.8967733861732,26.625501153093857,41.43780271217843,36,0
2025-03-28 13:00:00,138.11532464484236,27.408199037335997,54.999410094294156,29,0
2025-03-28 14:00:00,135.3071301796733,31.983105467184842,53.47664766434845,21,0
2025-03-28 15:00:00,137.6711620918957,26.135734231612513,42.395675730952554,40,0
2025-03-28 16:00:00,139.34076235976147,31.137353947668256,48.29188333418753,36,0
2025-03-28 17:00:00,145.29799631187737,27.50366839094157,35.22460290639283,41,0
2025-03-28 18:00:00,135.01502468789013,26.029240173192107,36.0278697326566,19,0
2025-03-28 19:00:00,133.46298053378823,26.498471482630148,34.829340127793564,3,0
2025-03-28 20:00:00,129.62777042116917,22.309263095529,37.090148233712384,8,0
2025-03-28 21:00:00,118.0598125708066,25.4748639848476,46.54241223574762,5,0
2025-03-28 22:00:00,125.04381152480434,25.967464446414603,40.68823813468277,3,0
2025-03-28 23:00:00,122.91167489410617,23.046414353829,58.61052474861411,1,0
2025-03-29 00:00:00,128.31621056242642,19.50698261489172,52.30035303173719,5,0
2025-03-29 01:00:00,117.12661425161521,18.22919050666963,58.01082568350065,1,0
2025-03-29 02:00:00,121.64884143330839,19.58901553861934,57.44970291400037,4,0
2025-03-29 03:00:00,121.94937606931522,21.167547719172283,63.14241606416187,5,0
2025-03-29 04:00:00,118.15660981190234,24.975443445775365,54.320254040151646,3,0
2025-03-29 05:00:00,131.45429693671463,26.314414416632417,66.89392595388847,2,0
2025-03-29 06:00:00,131.07337366241865,28.807954833347466,60.704694427957186,6,0
2025-03-29 07:00:00,132.648813179875,24.3414754299462,65.70558881773438,1,0
2025-03-29 08:00:00,125.30946918657733,31.282674498629184,51.46243377096347,5,0
2025-03-29 09:00:00,137.79604407486107,30.62760796300361,57.97398384490729,3,0
2025-03-29 10:00:00,124.44555790666368,29.00558567676641,55.726193583908326,5,0
2025-03-29 11:00:00,134.7974032509823,27.534925530273902,49.492008126128006,3,0
2025-03-29 12:00:00,142.9522781290499,32.49828128338224,51.565594148736324,3,0
2025-03-29 13:00:00,126.91043615632753,29.314260691263335,55.10984378898237,3,0
2025-03-29 14:00:00,128.62332457261124,29.619220464201824,41.519238205184394,8,0
2025-03-29 15:00:00,131.28032934561878,30.00601926668873,47.73820396915922,6,0
2025-03-29 16:00:00,127.33902818997004,26.833856226281167,35.702630681423074,2,0
2025-03-29 17:00:00,120.9403362893291,27.369172244861854,50.88796471032161,2,0
2025-03-29 18:00:00,127.6565233730149,28.801701615906236,43.92300159218354,5,0
2025-03-29 19:00:00,120.42866429550902,27.61580644707976,48.96632839840217,5,0
2025-03-29 20:00:00,126.36796215317591,26.546214413390476,44.700048557624456,3,0
2025-03-29 21:00:00,117.52581374667241,21.516474821370036,44.88199807678133,8,0
2025-03-29 22:00:00,127.89077674672802,22.115029749566926,48.96466470242959,3,0
2025-03-29 23:00:00,114.17215261383964,20.51247425210491,46.72957223220393,8,0
2025-03-30 00:00:00,114.38969241897162,20.850357684549405,41.91083047220839,3,0
2025-03-30 01:00:00,122.15600516236917,21.97657790149831,54.82518718335917,1,0
2025-03-30 02:00:00,113.98678313947056,22.89904511251108,51.22248332700123,1,0
2025-03-30 03:00:00,123.26023459086208,28.758302234490756,51.56275823496846,4,0
2025-03-30 04:00:00,130.53571377141213,24.418387839711926,61.84171988003743,3,0
2025-03-30 05:00:00,117.7027666913334,25.271968117950117,58.26371588839221,6,0
2025-03-30 06:00:00,128.2368777916463,24.757568471193363,65.13852203302845,4,0
2025-03-30 07:00:00,129.9930674159019,24.85783875105461,55.71455441909533,5,0
2025-03-30 08:00:00,133.76552081943757,26.219619283412836,56.30610915527526,9,0
2025-03-30 09:00:00,124.59731896579017,27.80143147422631,62.82254794337244,3,0
2025-03-30 10:00:00,124.85253015520371,32.27940445176639,56.399213304988045,1,0
2025-03-30 11:00:00,134.47282561006546,29.99277642246182,45.20155024649451,9,0
2025-03-30 12:00:00,133.48492336616593,30.386661333905465,51.28880441430056,8,0
2025-03-30 13:00:00,133.11558203371035,29.72190199733391,54.818002291918816,9,0
2025-03-30 14:00:00,133.18705426810996,30.38986024893426,42.60711277689266,6,0
2025-03-30 15:00:00,127.38194891228812,32.042939619548555,45.91922067039908,3,0
2025-03-30 16:00:00,131.01767494635604,24.67239236530832,37.09281138637609,2,0
2025-03-30 17:00:00,130.15901581115315,30.370208034083113,39.656825362262175,9,0
2025-03-30 18:00:00,123.74195140885293,22.04099090679546,45.44917768225217,2,0
2025-03-30 19:00:00,135.06905541986333,26.144019713131065,41.43690007588418,8,0
2025-03-30 20:00:00,126.36916460455893,29.38381470948883,47.7860952757338,4,0
2025-03-30 21:00:00,116.1664174318282,25.188150202713988,45.05544420927383,2,0
2025-03-30 22:00:00,123.42387276480947,23.334308321666484,56.093698386004206,4,0
2025-03-30 23:00:00,113.21501072438423,25.309153855806464,39.58724270287844,1,0
2025-03-31 00:00:00,123.93542301871226,18.59387420399771,48.91403324969517,3,0
2025-03-31 01:00:00,128.40350173943804,22.17319676713061,47.16552148456495,9,0
2025-03-31 02:00:00,121.07296931029185,23.74442464597299,49.91875412770875,1,0
2025-03-31 03:00:00,132.47054929352342,22.78203005519685,52.035149342835275,1,0
2025-03-31 04:00:00,132.0639046346825,24.131779641008038,59.49888314810048,7,0
2025-03-31 05:00:00,136.28552938014684,25.000055423640525,60.79076293700002,0,0
2025-03-31 06:00:00,143.6261005370007,27.245697759882603,62.137279624975584,6,0
2025-03-31 07:00:00,134.64012622581038,29.02691661445498,54.04395546216792,4,0
2025-03-31 08:00:00,133.5518272539013,28.90671458367371,57.03912994285294,14,0
2025-03-31 09:00:00,134.03001850209813,30.657718959972577,52.24959461308364,32,0
2025-03-31 10:00:00,135.2394651009542,25.720963690943584,59.67940778135858,34,0
2025-03-31 11:00:00,139.4433886804057,29.47794628625243,48.236852700120345,19,0
2025-03-31 12:00:00,141.7057598740832,27.953161379298706,48.931439240020595,31,0
2025-03-31 13:00:00,141.2123512241263,30.5178936391039,50.21334175559032,28,0
2025-03-31 14:00:00,143.4544327709615,30.233093120235328,41.92185662751218,10,0
2025-03-31 15:00:00,138.54260010961528,29.007551095197957,46.3983244130378,16,0
2025-03-31 16:00:00,144.58817846147537,29.680812058908533,49.320144639821365,13,0
2025-03-31 17:00:00,134.54378263963494,29.929158839440408,41.28930038073695,10,0
2025-03-31 18:00:00,147.74298145667905,26.950026767252858,44.508054572842035,24,0
2025-03-31 19:00:00,135.30356531899943,23.984224513887806,29.973637292427398,4,0
2025-03-31 20:00:00,125.71421221791859,21.837484858161037,39.194486327916366,9,0
2025-03-31 21:00:00,122.29920615699623,23.899054674311156,43.85343627277941,6,0
2025-03-31 22:00:00,127.58874297826635,23.07192385405229,39.73517460799846,1,0
2025-03-31 23:00:00,121.4932099177718,19.366214143160562,48.45005622599525,9,0
2025-04-01 00:00:00,123.57000247046047,21.451533646326066,55.29970278029575,7,0
2025-04-01 01:00:00,124.97671196726876,20.387348150551368,43.1903873109751,3,0
2025-04-01 02:00:00,124.81223633876604,19.275324720682903,49.054635670980765,2,0
2025-04-01 03:00:00,123.41970005695977,26.33970700834128,57.9951341656864,9,0
2025-04-01 04:00:00,122.42576387657067,27.287975838404325,60.96235268504462,7,0
2025-04-01 05:00:00,129.9426538198393,22.05641541676101,63.34966013743894,1,0
2025-04-01 06:00:00,138.42412959534832,25.94586724855809,60.55444739443884,2,0
2025-04-01 07:00:00,136.93753552647573,26.7303660400838,61.966820287969725,2,0
2025-04-01 08:00:00,131.09181418212881,31.93923135667939,63.177657580547795,39,0
2025-04-01 09:00:00,139.34349527948166,29.040209905029556,54.998777303013846,47,0
2025-04-01 10:00:00,141.24510342442557,26.667501866779844,51.95706956996789,12,0
2025-04-01 11:00:00,135.40961004647053,31.67865817821986,51.74565729635087,37,0
2025-04-01 12:00:00,140.76862552972764,27.53844890846784,50.99743971138707,35,0
2025-04-01 13:00:00,140.11994081970622,29.39376763229458,44.1204423329682,39,0
2025-04-01 14:00:00,133.60366503662826,28.11972050712893,43.03121341763394,22,0
2025-04-01 15:00:00,140.26652745196716,28.117885128552988,44.91744104067101,22,0
2025-04-01 16:00:00,140.12443070752997,30.534770216972266,42.12849986730419,11,0
2025-04-01 17:00:00,141.2823230217011,30.976193725576685,39.41405612303053,46,0
2025-04-01 18:00:00,139.41114588390548,24.522330319106718,31.294653449686756,47,0
2025-04-01 19:00:00,125.28688174038895,27.339767141102843,40.323201777066615,9,0
2025-04-01 20:00:00,125.31087480042439,23.53449274062001,36.48972612461041,7,0
2025-04-01 21:00:00,130.22884498334508,22.42349050360275,47.84434571416403,0,0
2025-04-01 22:00:00,127.74531065661147,23.56946289387064,43.456394233607455,7,0
2025-04-01 23:00:00,125.18576227593128,19.24945639077313,42.43064926786219,8,0
2025-04-02 00:00:00,139.2636574532736,20.94120520155009,49.69228363059975,5,0
2025-04-02 01:00:00,125.46497639786686,22.765488635219985,58.94168837648616,9,0
2025-04-02 02:00:00,130.8542091029534,21.72312592762717,58.154079245723096,4,0
2025-04-02 03:00:00,132.42367746476782,26.480990527678234,58.17065356489515,5,0
2025-04-02 04:00:00,133.25695625652898,22.454350775876986,52.0297787426101,5,0
2025-04-02 05:00:00,130.59888235697267,28.77842667131055,67.76725876172229,8,0
2025-04-02 06:00:00,137.9369817261973,23.18309295289521,56.89186412982048,3,0
2025-04-02 07:00:00,132.00294073313685,33.33296168375137,64.32817782725239,1,0
2025-04-02 08:00:00,136.13641504198873,27.84784956060072,57.03343964608732,26,0
2025-04-02 09:00:00,136.05077291108023,26.914181012337632,61.25860717428167,29,0
2025-04-02 10:00:00,139.72788722271298,29.193914445850684,61.53437047937637,25,0
2025-04-02 11:00:00,151.40219006084374,27.821492728489247,55.82887680056288,16,0
2025-04-02 12:00:00,130.66367403704126,30.773930597709086,53.7792747987997,25,0
2025-04-02 13:00:00,143.26019817934878,32.6497632766784,46.91961461819663,36,0
2025-04-02 14:00:00,131.2549371698331,27.672345810777326,42.83016928963595,32,0
2025-04-02 15:00:00,136.11793132127858,30.397593803460875,43.62042563706358,33,0
2025-04-02 16:00:00,142.76526106052563,25.59478330005287,39.640173433309535,18,0
2025-04-02 17:00:00,136.18846690130204,29.999442869369577,52.676760291171774,44,0
2025-04-02 18:00:00,128.7534117340844,27.903540545720666,35.03820856754743,29,0
2025-04-02 19:00:00,128.59871003387457,28.23998093274785,45.351167820061356,1,0
2025-04-02 20:00:00,133.39798874467337,24.75530619471779,43.92573013485069,3,0
2025-04-02 21:00:00,124.00183548871611,22.956521127941397,44.07829322875421,6,0
2025-04-02 22:00:00,126.2586738499603,24.220425323139875,52.39943049956919,1,0
2025-04-02 23:00:00,122.83838304392012,18.68916487908368,48.90369681198068,0,0
2025-04-03 00:00:00,116.74199826197092,16.51435133653285,46.82546540128792,2,0
2025-04-03 01:00:00,153.7691295236418,21.295337954120438,54.04684233729225,3,1
2025-04-03 02:00:00,128.34597601364047,21.808997237307622,54.084108655473855,7,0
2025-04-03 03:00:00,109.32402832036904,24.93450098721399,59.58749115594872,5,1
2025-04-03 04:00:00,130.93227157384715,27.183102848627993,62.725622195991875,1,0
2025-04-03 05:00:00,128.86629625633248,27.153642448389483,55.36381855107033,8,0
2025-04-03 06:00:00,138.40430229771206,29.094874435518967,65.97668059001408,1,0
2025-04-03 07:00:00,131.90446311366122,28.57563806957668,58.38475903854839,4,0
2025-04-03 08:00:00,136.74682586835428,29.64944553448658,60.87832365125528,28,0
2025-04-03 09:00:00,141.00252704512803,29.005480905448326,60.156218663468955,20,0
2025-04-03 10:00:00,143.647292496632,30.589349184921044,56.836943453153154,43,0
2025-04-03 11:00:00,133.82741519219732,30.24775427086513,52.042647862762365,16,0
2025-04-03 12:00:00,138.32749382079527,30.650353593058128,47.55701209003668,43,0
2025-04-03 13:00:00,137.45417067167142,29.581000547564425,46.06683701245809,29,0
2025-04-03 14:00:00,136.0518703629128,31.277116663833276,52.82585966264438,47,0
2025-04-03 15:00:00,147.30486185163124,27.817890225442966,38.59960000248924,33,0
2025-04-03 16:00:00,139.34541663049356,28.623555996036178,37.74352927234079,19,0
2025-04-03 17:00:00,129.5626470341495,30.557101203327505,36.524997621390746,41,0
2025-04-03 18:00:00,138.73144535900482,25.173624166023224,40.678769399588326,24,0
2025-04-03 19:00:00,142.78600956523758,21.76392336658195,32.71721448717028,7,0
2025-04-03 20:00:00,135.16232630275573,25.732914332595943,34.57194668148365,5,0
2025-04-03 21:00:00,120.05681881753173,23.312925342943903,41.62415802333823,3,0
2025-04-03 22:00:00,122.75521053771917,24.609914931768888,38.56112277350881,3,0
2025-04-03 23:00:00,128.94507959033416,21.044231762406532,41.38045300256078,5,0
2025-04-04 00:00:00,116.4616526719061,18.791321856873378,43.5986579531853,3,0
2025-04-04 01:00:00,124.82962098513217,21.15362713056409,48.35513190535856,7,0
2025-04-04 02:00:00,129.0495511691971,24.774327624251626,58.65623253335203,8,0
2025-04-04 03:00:00,123.01901628941138,24.97757357803565,61.84960759247089,0,0
2025-04-04 04:00:00,129.702373219691,20.13219548690393,68.25525850393741,3,0
2025-04-04 05:00:00,115.96889187982904,26.45914927426075,69.07106755545807,3,0
2025-04-04 06:00:00,129.0201974170595,27.542592076668285,63.931563549402235,1,0
2025-04-04 07:00:00,134.60422604885892,27.897033472511314,64.79764663689583,5,0
2025-04-04 08:00:00,131.08159216586452,27.438474254707206,59.31576449127398,19,0
2025-04-04 09:00:00,146.63964716988392,31.627859074125755,59.67039207192682,48,0
2025-04-04 10:00:00,132.16780963597822,32.14732615916041,64.71801524091585,37,0
2025-04-04 11:00:00,137.62867479399128,25.50812769208638,54.44425479130936,45,0
2025-04-04 12:00:00,140.65370288643047,28.404081044517113,55.766192892726195,22,0
2025-04-04 13:00:00,147.0352636728068,29.624987311166663,42.74005150608224,41,0
2025-04-04 14:00:00,132.13920576988417,31.556274670324022,41.668806378708865,45,0
2025-04-04 15:00:00,144.29340941100054,29.308501077896402,44.48928017710937,46,0
2025-04-04 16:00:00,137.37167338078672,27.293066437514543,42.089404312472574,35,0
2025-04-04 17:00:00,130.95952355058498,29.352600557527104,37.24107080008484,31,0
2025-04-04 18:00:00,136.45265299504732,26.64839564076349,52.036887919656095,13,0
2025-04-04 19:00:00,133.17052705804176,25.85281257177729,41.203712256683644,6,0
2025-04-04 20:00:00,126.99891561420603,24.94568313319185,39.12612070123231,0,0
2025-04-04 21:00:00,128.0026790722519,24.975451205327868,43.687026324937676,8,0
2025-04-04 22:00:00,123.24981291774162,21.971091247677634,45.12713351305817,5,0
2025-04-04 23:00:00,123.17811057065728,22.67915490749496,48.35082228843023,1,0
2025-04-05 00:00:00,119.31065337260523,19.853862063185854,42.03141492324484,4,0
2025-04-05 01:00:00,126.01850315624758,19.17122874936476,59.047923933859536,3,0
2025-04-05 02:00:00,113.95202722750608,22.51463783963431,61.744147102195754,6,0
2025-04-05 03:00:00,132.78810179112276,21.79640751736047,64.4226716720479,7,0
2025-04-05 04:00:00,114.23956100238749,25.081973579551885,60.287412830525874,0,0
2025-04-05 05:00:00,124.98125738896161,27.74656214855014,62.97166356371326,4,0
2025-04-05 06:00:00,130.25529453140766,24.923809799861246,55.66886525996375,2,0
2025-04-05 07:00:00,130.09861278333491,28.66208021452123,63.82375490587763,0,0
2025-04-05 08:00:00,126.74290886144806,27.00217912113797,59.91919257231408,2,0
2025-04-05 09:00:00,129.7414612683942,29.642196444945963,54.769034733669265,5,0
2025-04-05 10:00:00,128.9898085473309,31.37966674693165,59.3237234582042,6,0
2025-04-05 11:00:00,128.9162939972599,25.65542246551802,57.10543563148072,7,0
2025-04-05 12:00:00,136.2480104851051,27.77104834625731,50.30304417837466,3,0
2025-04-05 13:00:00,133.6481952118062,29.17648972351826,49.60372244961681,2,0
2025-04-05 14:00:00,127.99026524432182,30.289339241253913,39.8414149403322,4,0
2025-04-05 15:00:00,135.28007189734683,28.90602866639622,49.14484937420632,8,0
2025-04-05 16:00:00,131.39290406493407,28.56849247388255,36.84568002198111,5,0
2025-04-05 17:00:00,132.75796403885457,32.01950245361486,36.81361349671344,8,0
2025-04-05 18:00:00,130.46185270860283,24.64615325416702,40.31157822715269,5,0
2025-04-05 19:00:00,121.59520780952919,28.35858432281275,45.91332315820161,1,0
2025-04-05 20:00:00,121.19909479901516,24.300043745691166,46.90948912823392,4,0
2025-04-05 21:00:00,125.85940294345774,24.92578390864837,42.90480907860887,8,0
2025-04-05 22:00:00,123.19295604880766,26.84608356251641,48.86506681126905,7,0
2025-04-05 23:00:00,117.98391110570009,22.68261796957137,38.9665173023303,6,0
2025-04-06 00:00:00,116.58663691654391,20.74499141958,46.403400049352236,0,0
2025-04-06 01:00:00,124.47674355446294,24.503506592499267,49.0934382537072,3,0
2025-04-06 02:00:00,117.18324777746118,24.83778774021159,61.26106454879909,6,0
2025-04-06 03:00:00,124.85842182369163,22.228046171328028,60.344338626405516,6,0
2025-04-06 04:00:00,122.98903673783053,25.58904948490771,59.58351791736739,5,0
2025-04-06 05:00:00,124.65177684800342,22.652622821805686,61.067933582037554,7,0
2025-04-06 06:00:00,132.80759275892072,25.990761035116975,67.84169638015062,5,0
2025-04-06 07:00:00,132.8207351895999,28.561639338112073,58.80835993035792,9,0
2025-04-06 08:00:00,133.92395464055423,27.45604333228187,52.08991749517419,2,0
2025-04-06 09:00:00,137.3094665559522,29.78552881705672,62.507043733841996,3,0
2025-04-06 10:00:00,131.55983242878887,29.632489031584605,55.9091951860253,2,0
2025-04-06 11:00:00,135.2728826384558,30.98728207852819,57.35654884185412,0,0
2025-04-06 12:00:00,130.44866621703272,29.15160195594378,49.77617596306746,9,0
2025-04-06 13:00:00,121.10820996890882,28.034150784864675,43.21836193045533,4,1
2025-04-06 14:00:00,130.80409794878665,32.61551191523721,47.01410860541488,0,0
2025-04-06 15:00:00,131.26705234514418,28.24740183973298,42.97980754184169,0,0
2025-04-06 16:00:00,132.8321915877356,29.980275224078625,42.264457376527666,1,0
2025-04-06 17:00:00,124.6025500284924,30.804027455857426,48.4235942076964,3,0
2025-04-06 18:00:00,137.77564487741208,27.39640780986054,34.5064876130765,5,0
2025-04-06 19:00:00,120.71009595664103,24.375001151200912,41.770335039489225,7,0
2025-04-06 20:00:00,117.92905693606134,24.642780050905312,37.24476251136223,2,0
2025-04-06 21:00:00,127.91348928534177,25.861916156864407,29.976202322534235,0,0
2025-04-06 22:00:00,124.09941819145502,23.000685542500936,44.755174054888876,2,0
2025-04-06 23:00:00,121.20901816078161,18.894978337791965,47.56692423397382,2,0
2025-04-07 00:00:00,123.1417275463214,21.193287667067423,53.11761051475379,4,0
2025-04-07 01:00:00,122.54928998016646,22.84432486030251,51.500486708105484,3,0
2025-04-07 02:00:00,120.69010904462125,21.87756667878934,47.55499822438014,3,0
2025-04-07 03:00:00,128.03269143827043,25.04732307486039,52.95890992559116,8,0
2025-04-07 04:00:00,126.61419144243945,25.490037190920933,65.2450482212779,6,0
2025-04-07 05:00:00,137.05082724726316,25.692755212803128,55.476118616437525,3,0
2025-04-07 06:00:00,133.40684871622025,24.48399632467815,67.91612764846253,2,0
2025-04-07 07:00:00,131.73958082186215,30.089441193123868,64.90917972574759,5,0
2025-04-07 08:00:00,135.7135788674238,30.178676037684053,57.071351016164044,26,0
2025-04-07 09:00:00,140.54224792160386,30.406567913863494,53.42567199635198,46,0
2025-04-07 10:00:00,136.4998937617615,32.74831027024687,60.23956484565289,15,0
2025-04-07 11:00:00,135.71779524964404,31.80483606776529,51.38363422555712,28,0
2025-04-07 12:00:00,141.21843605745957,31.373132012303124,42.27174930150021,22,0
2025-04-07 13:00:00,141.05373008301981,25.48799391768444,50.223392652091086,35,0
2025-04-07 14:00:00,136.78380064892573,32.053048166495515,47.08631723929093,23,0
2025-04-07 15:00:00,136.12239912213414,29.40495635367697,48.61746320170842,40,0
2025-04-07 16:00:00,138.48075776247697,29.285237398358667,43.08772095895711,13,0
2025-04-07 17:00:00,128.6266450983381,28.572199782299126,37.59500685188073,48,0
2025-04-07 18:00:00,127.10481675184818,28.618733299150033,46.348394198010666,17,0
2025-04-07 19:00:00,128.58300747391223,28.33196434769058,47.17569390050353,9,0
2025-04-07 20:00:00,128.93276424144076,26.268482286118445,42.505775782081656,9,0
2025-04-07 21:00:00,129.20820647529183,24.777405502290684,43.23054176079938,2,0
2025-04-07 22:00:00,132.5531619867982,23.05121592961635,38.383644884474464,9,0
2025-04-07 23:00:00,126.89882196041114,14.602040888391162,44.37417783724241,6,0
2025-04-08 00:00:00,119.20030735018287,19.424817961099624,53.80384820979677,8,0
2025-04-08 01:00:00,122.51544280488758,19.422082887499222,49.801788949211705,3,0
2025-04-08 02:00:00,120.16373407886137,25.009669528903377,47.71581065303339,7,0
2025-04-08 03:00:00,127.56110296733985,25.064908720223485,74.55045675986597,2,0
2025-04-08 04:00:00,128.5567068053993,24.08372602557253,51.34322424571094,6,0
2025-04-08 05:00:00,133.78882138186486,25.372179925548718,70.94301524506128,2,0
2025-04-08 06:00:00,130.00598090596932,26.283105085260633,58.4628827770087,6,0
2025-04-08 07:00:00,138.46379937703057,27.109881094274513,59.23644326717164,9,0
2025-04-08 08:00:00,144.98420264070165,25.77113915079479,55.298862676906396,41,0
2025-04-08 09:00:00,137.93378990794147,25.916236338557333,60.98525363555493,47,0
2025-04-08 10:00:00,141.32707513627608,29.71735180765417,47.80112893444958,17,0
2025-04-08 11:00:00,143.27961718603177,32.06507689245681,43.38654526985435,17,0
2025-04-08 12:00:00,137.99389764057082,28.924620605144273,58.050857646893036,15,0
2025-04-08 13:00:00,140.9493596365283,30.521338115586193,43.391947554939904,23,0
2025-04-08 14:00:00,139.38147852969036,31.12778009724413,48.73044059769842,41,0
2025-04-08 15:00:00,138.96597114296992,27.252038913945153,37.50165180365345,44,0
2025-04-08 16:00:00,133.45545915641145,28.620303180404584,44.88185117662853,19,0
2025-04-08 17:00:00,135.98961767711944,26.600492440365322,48.75847423100157,12,0
2025-04-08 18:00:00,136.6321270799582,30.283306795528063,37.364393072924415,21,0
2025-04-08 19:00:00,139.4309466191496,29.212533303811437,30.673536203179406,7,0
2025-04-08 20:00:00,134.79635413042604,23.015314320250297,49.783715528705144,7,0
2025-04-08 21:00:00,138.4195809348596,24.59860308981955,47.56015379575898,3,0
2025-04-08 22:00:00,121.33964308761018,24.72338905265019,42.63214383114345,5,0
2025-04-08 23:00:00,126.97212702800444,23.00192092295318,46.32204928263155,7,0
2025-04-09 00:00:00,120.91671002869175,20.16312606996873,44.44673901875157,6,0
2025-04-09 01:00:00,133.5595385104894,23.91837684572921,59.689475113235005,6,0
2025-04-09 02:00:00,121.13488947527465,20.77916107304634,52.326421960946774,3,0
2025-04-09 03:00:00,123.45505943639792,23.220648434861516,49.97752512412811,8,0
2025-04-09 04:00:00,127.0030367727799,23.24471516048085,59.72848344540674,9,0
2025-04-09 05:00:00,121.55574995862537,27.65260127948845,55.35919145499798,5,0
2025-04-09 06:00:00,131.51336051532715,25.905794063266573,54.84992712068446,2,0
2025-04-09 07:00:00,132.07140349805624,27.591035052038183,57.508762244080955,4,0
2025-04-09 08:00:00,138.0724770080698,29.895594774375883,59.092030615346246,26,0
2025-04-09 09:00:00,140.18637052911154,30.6352951526685,50.16551903229174,45,0
2025-04-09 10:00:00,148.69937072186082,27.84500557038018,61.925744626061615,42,0
2025-04-09 11:00:00,144.58101641840645,32.027759181283685,55.97398901135415,10,0
2025-04-09 12:00:00,137.11548172168798,30.911379337334502,48.173185046136346,24,0
2025-04-09 13:00:00,135.3368238707344,27.7510429345773,42.8950921174898,22,0
2025-04-09 14:00:00,141.7781123833139,27.003826471377455,44.553872735416675,26,0
2025-04-09 15:00:00,131.87642461512254,29.20715590458873,47.42610739191314,33,0
2025-04-09 16:00:00,146.47780190496056,30.360442016478007,45.06266609815401,17,0
2025-04-09 17:00:00,141.76426740943114,29.684965127714314,45.633263239365206,36,0
2025-04-09 18:00:00,174.0766805687748,27.78340156631516,37.59811254509839,32,1
2025-04-09 19:00:00,123.60955593472002,26.184963966740863,25.716115841125927,0,0
2025-04-09 20:00:00,136.76936187082705,26.02347533815801,47.57880195173685,6,0
2025-04-09 21:00:00,127.08096942103872,22.116173294872382,42.09295147277277,9,0
2025-04-09 22:00:00,131.36546246191773,25.962166177075993,48.3308303273583,5,0
2025-04-09 23:00:00,114.6383855504292,24.65313875844556,55.7579533221763,8,0
2025-04-10 00:00:00,117.00312488523113,20.857624629241396,62.17204316618841,6,0
2025-04-10 01:00:00,122.63674234299195,21.699862762186218,49.3390830603211,6,0
2025-04-10 02:00:00,125.41128387087412,21.765348505706466,55.669799535828226,1,0
2025-04-10 03:00:00,125.40334128990558,24.884332015250223,63.9052501148927,8,0
2025-04-10 04:00:00,133.1142496617375,23.617365257966448,54.438858945229406,9,0
2025-04-10 05:00:00,126.83712643326143,21.640390228096145,56.74870029393854,8,0
2025-04-10 06:00:00,133.4302381986245,21.642853210883302,57.05980710770562,5,0
2025-04-10 07:00:00,136.46854496438422,26.33453673658538,59.51880669585057,2,0
2025-04-10 08:00:00,139.89270224598252,28.973010283680942,57.55963563639454,48,0
2025-04-10 09:00:00,142.0356650406702,29.902738793019832,54.10209120058386,22,0
2025-04-10 10:00:00,133.69530606659202,28.68574424587211,50.1712129219687,41,0
2025-04-10 11:00:00,166.07942563223315,30.198118948023907,56.64789209300167,38,1
2025-04-10 12:00:00,146.38838410949253,29.45154328589094,56.68915510483058,39,0
2025-04-10 13:00:00,141.49046728737417,27.915823098437826,54.82538351983687,27,0
2025-04-10 14:00:00,135.5760838429986,29.551769244952432,42.59463221307758,22,0
2025-04-10 15:00:00,146.23335052783835,30.864709549844168,47.19755554942092,30,0
2025-04-10 16:00:00,137.8988812471531,26.752130542351743,42.52137547579449,39,0
2025-04-10 17:00:00,141.76355272614384,26.026324176872958,37.48738499404269,30,0
2025-04-10 18:00:00,134.4797280307815,24.932566623961158,43.67109109354098,26,0
2025-04-10 19:00:00,142.47896820458433,22.214576821070978,37.257716466881824,4,0
2025-04-10 20:00:00,138.77670421221603,24.03959525170596,39.45886294824717,5,0
2025-04-10 21:00:00,126.40884790490644,25.25500654955596,36.045283675616375,3,0
2025-04-10 22:00:00,130.0342356568222,22.936022618692736,42.678894512833864,9,0
2025-04-10 23:00:00,125.83740359232678,20.966760154087904,48.68111559404771,5,0
2025-04-11 00:00:00,126.84315778766174,20.258129596480337,57.84467247838748,6,0
2025-04-11 01:00:00,117.78590654150051,20.3272989473422,50.82071322001677,8,0
2025-04-11 02:00:00,128.6066382020426,18.69241717649826,49.80915426456533,9,0
2025-04-11 03:00:00,132.94579108154974,25.39427188728003,64.5579126665361,6,0
2025-04-11 04:00:00,121.20630256788442,27.142249147569302,56.137491852423295,5,0
2025-04-11 05:00:00,126.25893601684552,24.631300737951634,50.91734998218636,0,0
2025-04-11 06:00:00,123.94597473493045,26.769396570652365,60.66546867568392,1,0
2025-04-11 07:00:00,134.52003263360194,27.45953506079203,58.0353908964948,0,0
2025-04-11 08:00:00,140.90821935466857,29.36283165669347,70.16223225127024,43,0
2025-04-11 09:00:00,145.9893759107059,32.61858223836545,59.447897983601536,25,0
2025-04-11 10:00:00,139.68899042788024,31.978840753469292,54.26828823172582,18,0
2025-04-11 11:00:00,147.97197495533266,29.16062016291031,47.96570440474719,41,0
2025-04-11 12:00:00,133.09949270892554,31.084927723000472,51.650834205964834,24,0
2025-04-11 13:00:00,131.31198503070044,32.42316235088353,54.695359299283766,21,0
2025-04-11 14:00:00,139.0407780312983,30.475948591680236,46.5590709173863,42,0
2025-04-11 15:00:00,140.39791789492227,29.229396516232523,38.6917837275448,23,0
2025-04-11 16:00:00,137.15703433521833,29.55225422717876,44.03377702091539,17,0
2025-04-11 17:00:00,125.52985630562534,26.526990357785408,40.09770726274524,17,0
2025-04-11 18:00:00,133.696535426167,25.956505563657313,42.24306551659081,36,0
2025-04-11 19:00:00,125.65288107765014,23.959545819685015,38.56670498618821,1,0
2025-04-11 20:00:00,110.8893033230602,25.614129033140486,39.448269590849556,3,1
2025-04-11 21:00:00,129.48665987778605,23.564028511606423,40.840033200975626,0,0
2025-04-11 22:00:00,120.47698197041365,20.94195432832905,49.711190757486804,3,0
2025-04-11 23:00:00,120.04118925771758,20.976903098959507,45.57068317276933,5,0
2025-04-12 00:00:00,110.70393239055524,20.93999652152634,47.70134634312886,9,0
2025-04-12 01:00:00,117.77502358915496,25.134686534196497,47.87786094321337,3,0
2025-04-12 02:00:00,124.91681632414652,24.612326180432923,57.27006900858384,0,0
2025-04-12 03:00:00,117.19430468616372,19.25853860868622,58.62957682252157,6,0
2025-04-12 04:00:00,126.52023257758923,25.47861693364069,56.416412915401224,1,0
2025-04-12 05:00:00,123.08889477227733,28.946262815512917,56.11236472510138,8,0
2025-04-12 06:00:00,123.34934433767305,24.395320829445012,69.38086706613856,2,0
2025-04-12 07:00:00,128.15850164488697,29.0366519433372,50.25704298726649,7,0
2025-04-12 08:00:00,124.68019484845416,28.186969666782293,61.126114053852994,7,0
2025-04-12 09:00:00,128.01382599344467,31.53937638694519,63.52808555294552,2,0
2025-04-12 10:00:00,125.46542375768084,30.467772652917585,38.0659311925585,3,0
2025-04-12 11:00:00,141.68674344656293,28.14641770461969,56.55889075140611,1,0
2025-04-12 12:00:00,132.17631775985865,29.59829704341876,48.898726992519556,3,0
2025-04-12 13:00:00,128.36449024201804,29.631057261642855,48.69208387039109,8,0
2025-04-12 14:00:00,132.5247127742962,29.41290183327058,43.38381017738955,1,0
2025-04-12 15:00:00,130.22043227172642,31.477321214663394,48.305899416364916,2,0
2025-04-12 16:00:00,128.7515584628849,26.975014195063928,43.155342670512404,3,0
2025-04-12 17:00:00,131.7644869448769,29.93963602223472,40.999341184780896,4,0
2025-04-12 18:00:00,131.10124704922129,26.466568460022437,35.505696965207036,0,0
2025-04-12 19:00:00,123.0876771260869,26.53463650274554,49.75220290628025,6,0
2025-04-12 20:00:00,121.1209087967766,25.144755172562068,41.389401060821974,9,0
2025-04-12 21:00:00,120.74767643208321,23.78322364748723,54.37796117543682,6,0
2025-04-12 22:00:00,108.6314988979624,22.560984782134565,54.63784692589097,8,0
2025-04-12 23:00:00,110.51246376452806,24.21997903874256,38.520054712647884,3,0
2025-04-13 00:00:00,122.83437133722262,21.68489984981229,46.725270195986546,5,0
2025-04-13 01:00:00,126.31325764302724,20.579830543040654,47.4034354211505,1,0
2025-04-13 02:00:00,118.89592452385844,25.75376495926939,54.75896959256469,3,0
2025-04-13 03:00:00,125.00571973312026,24.376196471636604,58.006887914296286,1,0
2025-04-13 04:00:00,125.55625077271768,25.71524851864779,59.809886377311535,9,0
2025-04-13 05:00:00,141.1345869064157,24.412976131424422,64.92990164298557,4,0
2025-04-13 06:00:00,132.91158305615764,26.076070495055195,67.46791384654435,6,0
2025-04-13 07:00:00,128.05406548725594,26.556526387058003,64.49669700908387,0,0
2025-04-13 08:00:00,125.0787042575489,28.832399767831735,55.855577966725654,9,0
2025-04-13 09:00:00,122.74984091889272,30.516361484009288,53.16094848632828,9,0
2025-04-13 10:00:00,132.4721313999612,30.393722861735107,55.01380917941968,6,0
2025-04-13 11:00:00,128.08136405555945,33.09053692587727,54.71878808304852,9,0
2025-04-13 12:00:00,124.88873145201163,28.22448398957753,49.08404327141439,5,0
2025-04-13 13:00:00,128.63025336076834,30.144186700815865,40.68438536771368,5,0
2025-04-13 14:00:00,126.04707320255311,27.093379604294093,48.410297542884,7,0
2025-04-13 15:00:00,139.2177806955434,27.395053381906344,40.96735834446501,7,0
2025-04-13 16:00:00,134.26460524529827,31.189410792521315,39.227182290045405,5,0
2025-04-13 17:00:00,128.65379023807668,27.00720366996942,40.06767836681885,2,0
2025-04-13 18:00:00,134.7134291934349,25.464340219744933,38.80050541459919,4,0
2025-04-13 19:00:00,126.12702440237763,21.827660538921315,38.508236459548804,1,0
2025-04-13 20:00:00,119.69357899335868,23.373290704422164,34.93911942748967,4,0
2025-04-13 21:00:00,129.73855530418973,23.41627377526094,42.36769485337623,8,0
2025-04-13 22:00:00,122.83565494006362,19.873384531452785,48.51476895953433,9,0
2025-04-13 23:00:00,112.90218830388855,20.779695144235582,48.73502957458123,0,0
2025-04-14 00:00:00,119.04830660958196,22.541262121316446,54.74060719550322,9,0
2025-04-14 01:00:00,118.23243257747724,19.89065124154385,48.94546533942517,4,0
2025-04-14 02:00:00,118.26238224722873,20.701424352285333,48.60970760441099,5,0
2025-04-14 03:00:00,132.28455638496,21.579031389920715,55.841817916975494,6,0
2025-04-14 04:00:00,139.54708320235065,22.7164718149684,55.5890709451009,8,0
2025-04-14 05:00:00,125.1823907110787,27.158769183864063,57.10758334685194,5,0
2025-04-14 06:00:00,136.9569818071838,27.168405285631575,61.058748590405635,4,0
2025-04-14 07:00:00,132.61385396021558,29.8472471614635,57.1438555673674,6,0
2025-04-14 08:00:00,134.88488115686528,32.69992982115289,52.40991159181242,21,0
2025-04-14 09:00:00,135.5156210290314,25.578013061294573,54.27609417245549,40,0
2025-04-14 10:00:00,134.9985626773823,30.41941567977423,56.700296834304005,33,0
2025-04-14 11:00:00,151.77032294809737,27.67720994487098,55.9455934560598,23,1
2025-04-14 12:00:00,135.8452494179448,31.577798596066902,53.30711392041673,34,0
2025-04-14 13:00:00,141.1811813563754,29.37062461159123,49.53417502021434,43,0
2025-04-14 14:00:00,139.06732597853568,29.713903784619028,44.159532670173775,12,0
2025-04-14 15:00:00,137.2828504158937,26.672440469253253,44.95350268293018,33,0
2025-04-14 16:00:00,132.7826897654808,27.807399987618055,41.12806767116443,18,0
2025-04-14 17:00:00,132.98321015298305,28.112857905128873,40.906222426210505,35,0
2025-04-14 18:00:00,137.91909175285974,29.783224105478894,35.3033663106703,29,0
2025-04-14 19:00:00,134.6798145182963,24.4984932352701,40.56011655591289,5,0
2025-04-14 20:00:00,125.11222377600724,23.898616856939373,43.23307713341268,4,0
2025-04-14 21:00:00,128.15033017444793,25.715413608015464,44.63456875533307,9,0
2025-04-14 22:00:00,128.93331651890938,20.869509883626588,38.5624048697035,0,0
2025-04-14 23:00:00,114.26349743879419,23.59003221014877,47.8931134309917,9,0
2025-04-15 00:00:00,122.71680096189968,19.98182685054749,42.78055211268043,3,0
2025-04-15 01:00:00,119.2974050496718,21.9115078453842,53.456573681717835,1,0
2025-04-15 02:00:00,128.02937424501621,23.323235056043945,51.49331404198643,3,0
2025-04-15 03:00:00,123.83737286458921,22.594393216837684,65.59928252449271,0,0
2025-04-15 04:00:00,120.9755894966774,25.77977363894479,59.25647068432383,1,0
2025-04-15 05:00:00,124.0375163907586,24.542874721458606,63.66507836201029,7,0
2025-04-15 06:00:00,134.38256035703787,26.066861803667717,70.5543631851214,5,0
2025-04-15 07:00:00,137.16567931443214,29.050915334978903,55.57224920744707,1,0
2025-04-15 08:00:00,132.7989249501667,29.247041949128192,60.838628592373944,43,0
2025-04-15 09:00:00,141.67055294411261,29.088865423434772,51.14151276570124,32,0
2025-04-15 10:00:00,131.01091621443658,27.14179496436466,56.724485041249594,40,0
2025-04-15 11:00:00,139.49849823423963,27.896132035038843,61.41673678327723,29,0
2025-04-15 12:00:00,133.9449190011877,30.55341808780997,46.860583927791055,21,0
2025-04-15 13:00:00,136.5697166884654,31.378729740708334,42.982037982501815,32,0
2025-04-15 14:00:00,139.55550988236345,27.43996725384917,44.54412883240718,13,0
2025-04-15 15:00:00,134.17552382380597,27.55914483020853,53.15801862857596,32,0
2025-04-15 16:00:00,155.40714245768447,28.92862438619983,45.1949405619219,10,1
2025-04-15 17:00:00,140.89853085189694,28.159109128170538,35.81616847682927,34,0
2025-04-15 18:00:00,131.2576762761152,23.823153394343393,47.27530291240885,11,0
2025-04-15 19:00:00,136.3536891405001,26.41074031696719,32.06542677544338,8,0
2025-04-15 20:00:00,124.35146572671191,23.803264379539563,52.02254160616924,9,0
2025-04-15 21:00:00,130.3026895368782,27.108927583108816,47.21118558821032,5,0
2025-04-15 22:00:00,132.38422400533992,23.08658753649652,53.817787200033585,4,0
2025-04-15 23:00:00,110.2523013437646,22.148208821952323,39.17281900705461,6,0
2025-04-16 00:00:00,116.01552372264761,20.89471860438122,50.84720915429843,4,0
2025-04-16 01:00:00,125.49588448030373,18.877407160895388,51.918745818196626,9,0
2025-04-16 02:00:00,124.16115397183545,26.475944237242413,49.96510263276679,4,0
2025-04-16 03:00:00,129.50939801415834,20.581011828748554,50.59094971060851,9,0
2025-04-16 04:00:00,126.9800740664209,26.591406283399486,61.195660331642124,6,0
2025-04-16 05:00:00,132.6081775175389,27.324942165048505,62.6479168034588,9,0
2025-04-16 06:00:00,133.36374944677056,26.117063052039555,66.49987023362877,6,0
2025-04-16 07:00:00,141.70597711412375,29.26643403633913,57.14215299625653,2,0
2025-04-16 08:00:00,138.59261229219484,28.02510764019691,57.952204987065336,33,0
2025-04-16 09:00:00,140.16560396060177,27.887872435401313,50.15876818713502,14,0
2025-04-16 10:00:00,137.25913169516903,30.598376601596534,62.703929059973746,15,0
2025-04-16 11:00:00,137.39086610711374,27.9013266315623,52.93593088981143,32,0
2025-04-16 12:00:00,137.8372090609019,29.55148968248486,53.61294250810053,13,0
2025-04-16 13:00:00,141.8011579393677,28.726095116278188,51.201336529529854,36,0
2025-04-16 14:00:00,137.21359412168007,28.98729924374479,52.29553578650989,27,0
2025-04-16 15:00:00,139.9264649347078,30.104252523373237,38.77193485179726,30,0
2025-04-16 16:00:00,147.69751206891598,27.471521293151977,44.82767896389151,37,0
2025-04-16 17:00:00,140.22269032298317,27.548885576767624,40.21569820556411,44,0
2025-04-16 18:00:00,132.51201796289175,26.06477730806231,50.528385331703156,31,0
2025-04-16 19:00:00,138.18129819099414,28.9756076212363,36.168920842129225,3,0
2025-04-16 20:00:00,127.95962313489224,25.68522479642778,47.19687770097498,3,0
2025-04-16 21:00:00,117.46304597141253,24.26697358958434,44.68064108427651,2,0
2025-04-16 22:00:00,120.13594934746341,23.955027460272056,46.4892804710301,4,0
2025-04-16 23:00:00,113.25656423927177,20.116992768650746,47.68191317921224,2,0
2025-04-17 00:00:00,118.24243257979346,21.71851444999968,56.73332911418394,7,0
2025-04-17 01:00:00,122.70261574034879,21.997617413866,53.90744895639488,6,0
2025-04-17 02:00:00,133.5585674634268,19.466408645517074,47.377923309395115,2,0
2025-04-17 03:00:00,129.28830551612262,20.97077265744937,63.1685856554267,8,0
2025-04-17 04:00:00,128.90449735595567,23.85540589443187,63.84126319850299,4,0
2025-04-17 05:00:00,136.32225648609185,23.445601298356866,62.594946683954916,8,0
2025-04-17 06:00:00,123.08645907869152,26.59451089046631,54.35763185126227,6,0
2025-04-17 07:00:00,137.04513959636756,25.906057420080625,54.79368146178408,6,0
2025-04-17 08:00:00,141.1748340451236,28.46480793170255,49.27303961166385,18,0
2025-04-17 09:00:00,131.08465942132653,32.06221407697578,59.37271717776454,11,0
2025-04-17 10:00:00,145.03728674181602,29.56050445577831,48.252255759128154,10,0
2025-04-17 11:00:00,95.03544117759293,29.308519703934245,43.99443598671439,49,1
2025-04-17 12:00:00,137.923560430496,30.776485295570687,56.37494559650022,39,0
2025-04-17 13:00:00,142.99280655800763,28.521609027892897,51.25270737128903,20,0
2025-04-17 14:00:00,150.67198081480336,31.34608688168268,43.334141675845366,37,0
2025-04-17 15:00:00,139.38692192551824,30.22922123136109,42.258699271848556,21,0
2025-04-17 16:00:00,138.56161100719046,28.737985161941516,29.303024927235906,48,0
2025-04-17 17:00:00,133.5702623081235,28.242165066179524,44.92446633240542,35,0
2025-04-17 18:00:00,129.892913776407,31.15455963299118,36.536342677556576,22,0
2025-04-17 19:00:00,136.32690766289562,27.972238710622946,41.992196052775014,0,0
2025-04-17 20:00:00,125.71958087045566,29.399053262322667,28.896934653198198,8,0
2025-04-17 21:00:00,128.01149983339877,24.890894710235806,47.81677234894225,1,0
2025-04-17 22:00:00,122.78809366822485,19.644807565683834,41.23577615307137,8,0
2025-04-17 23:00:00,125.00542297313301,20.780914516472837,40.53159823002802,0,0
2025-04-18 00:00:00,121.66831052643474,16.599590250903866,48.30199182755816,9,0
2025-04-18 01:00:00,127.79822356569052,22.36186799153435,49.60621436134778,8,0
2025-04-18 02:00:00,122.62629890777667,24.078998845716008,60.371338064549334,3,0
2025-04-18 03:00:00,126.30429397083495,22.055002331732343,54.96909220005734,8,0
2025-04-18 04:00:00,125.10618142108846,23.688727240706292,65.47333917091122,6,0
2025-04-18 05:00:00,129.95376227979384,26.385116082557637,61.30997134183605,5,0
2025-04-18 06:00:00,136.0286380889552,24.67485968533704,64.47183943606187,4,0
2025-04-18 07:00:00,139.65200988905147,25.387213864427288,59.64842599675125,8,0
2025-04-18 08:00:00,132.70968145480063,31.137518133926626,65.02054894954381,49,0
2025-04-18 09:00:00,142.82562025075404,29.468216561440805,51.30294786045209,46,0
2025-04-18 10:00:00,146.09670581980612,28.54303954747877,55.56812228747164,10,0
2025-04-18 11:00:00,141.89607174359472,26.530210836623663,50.60601130386814,10,0
2025-04-18 12:00:00,149.38397906279033,31.704702713788944,56.98314239753656,30,0
2025-04-18 13:00:00,135.95995123195834,28.545412189304162,54.906981572271924,24,0
2025-04-18 14:00:00,133.0952430092243,33.38062715463176,45.002106296185595,26,0
2025-04-18 15:00:00,129.58398940570436,30.957415520499758,36.4713766826555,31,0
2025-04-18 16:00:00,144.80072963313472,27.04397032902985,43.47523254611396,47,0
2025-04-18 17:00:00,139.13889508759502,26.50259000864941,32.017693061940484,44,0
2025-04-18 18:00:00,133.86421226917867,30.514770137754137,48.130713993915556,25,0
2025-04-18 19:00:00,133.57507171177352,25.9190953964182,37.97489138392912,1,0
2025-04-18 20:00:00,124.37255476350812,23.973377543353262,41.18689514506814,2,0
2025-04-18 21:00:00,139.88242854538592,23.88227770060404,39.52417680910075,9,0
2025-04-18 22:00:00,125.82248681192657,21.55236515091763,40.49109206649589,7,0
2025-04-18 23:00:00,123.15749781742551,21.78735887641685,51.09826613171005,5,0
2025-04-19 00:00:00,119.62883311949346,19.848352756963475,49.20691661474339,7,0
2025-04-19 01:00:00,120.49346523420438,23.056277883223533,52.800603145641084,6,0
2025-04-19 02:00:00,121.260524843036,21.811042244546954,49.980544603905805,4,0
2025-04-19 03:00:00,118.17056264061488,22.057201590271607,61.351363929350676,8,0
2025-04-19 04:00:00,126.35734178567998,24.30203060675283,63.44920271352872,3,0
2025-04-19 05:00:00,135.1503053465147,25.377446493639113,58.614615828492795,5,0
2025-04-19 06:00:00,134.04080872975965,26.91600018147749,66.33961066665944,1,0
2025-04-19 07:00:00,136.65958657785674,29.202613979026804,59.138637491768066,1,0
2025-04-19 08:00:00,127.3003280783951,29.820071972788227,62.559031519288496,1,0
2025-04-19 09:00:00,125.83404841888768,31.638112676830005,48.95642990771499,9,0
2025-04-19 10:00:00,130.82587862012684,28.036278907423632,56.767154332432064,6,0
2025-04-19 11:00:00,132.14174234342445,30.69188885984032,51.23078311299054,1,0
2025-04-19 12:00:00,137.47095759235475,31.45463969404143,50.77761212977498,1,0
2025-04-19 13:00:00,123.40079463340687,28.566007801114374,47.96522157725393,8,0
2025-04-19 14:00:00,139.10256481792814,29.243996156925924,45.62849911088492,6,0
2025-04-19 15:00:00,129.99203302728563,25.738839576675275,46.0074358349473,2,0
2025-04-19 16:00:00,127.72200111081393,30.47396942809586,38.51387780412573,2,0
2025-04-19 17:00:00,123.63313156835892,27.502536998272614,43.18613803478753,6,0
2025-04-19 18:00:00,119.03942513965592,28.684196165227476,46.162624415589534,4,0
2025-04-19 19:00:00,129.85603578394912,26.499713325846237,33.290036712207694,9,0
2025-04-19 20:00:00,124.36658983594202,24.62966954205025,37.43704547100899,5,0
2025-04-19 21:00:00,115.67313041913616,20.64122872494593,39.236255060628594,7,0
2025-04-19 22:00:00,113.66571086132225,19.758285229592328,39.5397710027452,8,0
2025-04-19 23:00:00,116.4094955790702,16.118969553517033,45.03832070078949,0,0
2025-04-20 00:00:00,124.34510762644696,18.874773034342688,55.1655925769992,2,0
2025-04-20 01:00:00,116.7904623187028,25.86175932856301,59.82612507358735,6,0
2025-04-20 02:00:00,112.6253899560498,20.012295671989207,55.53087484873251,5,0
2025-04-20 03:00:00,120.8942195974117,18.563970556811086,55.449887757624474,6,0
2025-04-20 04:00:00,122.63638215126164,26.925337839171064,62.674873883247685,7,0
2025-04-20 05:00:00,112.25574964943166,30.81505002868061,47.83941579162978,5,0
2025-04-20 06:00:00,127.0422341663957,27.666909942385082,54.72410763948421,2,0
2025-04-20 07:00:00,127.53898079361637,28.51099819235227,48.0511062293911,1,0
2025-04-20 08:00:00,133.33743828461812,28.040489890556884,53.33175545106718,6,0
2025-04-20 09:00:00,140.0268529949073,25.65028086409275,53.23598017735547,0,0
2025-04-20 10:00:00,137.08763836836388,26.75783442740373,62.38840938968839,2,0
2025-04-20 11:00:00,130.51867432920682,29.280941954941067,38.782880620245265,3,0
2025-04-20 12:00:00,126.46737045629165,28.98308931994051,47.91648699882833,0,0
2025-04-20 13:00:00,144.72991679823028,29.684102758198218,50.50964190986533,4,0
2025-04-20 14:00:00,131.75090539069754,31.317907910747,47.05365331634547,9,0
2025-04-20 15:00:00,130.8517189797453,28.075119661278826,50.237622855809,2,0
2025-04-20 16:00:00,129.73578102500102,30.35968755065361,42.14500335513856,1,0
2025-04-20 17:00:00,129.68407724849902,26.782953983106815,42.21213263951505,2,0
2025-04-20 18:00:00,162.71394700591156,29.14754699759699,30.80746584098725,7,1
2025-04-20 19:00:00,122.87187282973836,26.260349424234057,35.399397446225265,5,0
2025-04-20 20:00:00,121.26570529379804,24.128339318156975,32.4262222449155,6,0
2025-04-20 21:00:00,121.95916856676145,23.96542244474868,45.79197272770502,5,0
2025-04-20 22:00:00,117.4239808659715,22.001112766710076,46.74345225878622,5,0
2025-04-20 23:00:00,114.52419016213501,21.531530397560463,48.979499385392366,2,0
2025-04-21 00:00:00,120.53215113845948,21.516212397034945,45.59283195770963,7,0
2025-04-21 01:00:00,121.33563775729675,21.130830725369215,47.72344155444188,6,0
2025-04-21 02:00:00,132.69634584496384,21.849052745317643,56.047234661482086,6,0
2025-04-21 03:00:00,114.39881960533674,21.579801913829243,53.7241375480098,5,0
2025-04-21 04:00:00,135.45753425961232,26.158356038583428,53.5582312186832,4,0
2025-04-21 05:00:00,138.40565454266255,26.784158742892657,57.11731140660034,9,0
2025-04-21 06:00:00,123.7751844616902,24.707182110010432,56.696289819823456,7,0
2025-04-21 07:00:00,134.15362883542298,29.604521958753875,55.325643389748414,4,0
2025-04-21 08:00:00,135.4633037457098,26.263885972639713,52.53141495405638,49,0
2025-04-21 09:00:00,131.44003217663663,31.297238907580656,59.314516653560005,25,0
2025-04-21 10:00:00,135.429433087827,31.034984917264715,62.780247197385286,37,0
2025-04-21 11:00:00,134.27601800014705,30.753779658934242,52.393169447931946,25,0
2025-04-21 12:00:00,148.76135221711812,29.246009681665928,51.11217068484964,13,0
2025-04-21 13:00:00,144.50728919321352,31.06600817907101,50.093698811983316,35,0
2025-04-21 14:00:00,145.67629200075217,31.81200225337304,46.83282878596561,37,0
2025-04-21 15:00:00,142.08595097044193,30.423499167329215,38.694370546549635,41,0
2025-04-21 16:00:00,131.67524921960265,27.319753994391913,49.93897701766854,11,0
2025-04-21 17:00:00,133.24446547442585,28.46834736762328,36.55418916871952,40,0
2025-04-21 18:00:00,136.58900842987055,29.335137784455547,43.24044182330204,12,0
2025-04-21 19:00:00,126.06458953571467,30.485810651200616,42.99169827382387,4,0
2025-04-21 20:00:00,133.56499215086194,24.58957405100161,31.54753825148243,8,0
2025-04-21 21:00:00,126.45204165651113,25.54260053591376,41.13470010356993,6,0
2025-04-21 22:00:00,123.30227686430244,24.857151491193846,45.283142259060845,6,0
2025-04-21 23:00:00,126.1653236854185,19.68045192422099,48.077565606096215,1,0
2025-04-22 00:00:00,122.2213165574302,23.564156636122963,51.50710257758384,7,0
2025-04-22 01:00:00,120.80569301530564,19.174892554033622,56.376504815725085,2,0
2025-04-22 02:00:00,130.97302991887165,24.206161481091158,54.96242317864611,7,0
2025-04-22 03:00:00,122.24835200930231,24.43747388274503,58.8441556519552,2,0
2025-04-22 04:00:00,133.07967803472133,25.111151119996318,58.43548110398247,9,0
2025-04-22 05:00:00,135.14073487001633,31.181280852984493,54.57258997911681,6,0
2025-04-22 06:00:00,132.594403427161,26.468557341211874,60.16200720684837,1,0
2025-04-22 07:00:00,137.4977319170353,27.298842217455135,63.40470748415603,3,0
2025-04-22 08:00:00,131.06494019376225,31.323211652639976,64.20419595022122,19,0
2025-04-22 09:00:00,143.09772574626027,30.762402881286434,59.757646099586495,47,0
2025-04-22 10:00:00,138.39400584356642,32.22345610480779,61.671751629746495,27,0
2025-04-22 11:00:00,137.215282124881,30.148187378420328,54.682514188070115,14,0
2025-04-22 12:00:00,145.24504612918446,30.633885234024326,54.319399108344186,38,0
2025-04-22 13:00:00,136.3071787747624,33.71631983972725,52.098765295373724,48,0
2025-04-22 14:00:00,183.53260113697016,27.987350103729288,43.88324729558132,43,1
2025-04-22 15:00:00,130.69444478260624,29.03304123692955,46.558949350972874,32,0
2025-04-22 16:00:00,140.350557832417,30.25676218069528,36.63652147395105,14,0
2025-04-22 17:00:00,129.4649200433433,27.54181176273668,42.08980344985364,39,0
2025-04-22 18:00:00,142.91610653365277,25.930776053299404,42.88512913334226,15,0
2025-04-22 19:00:00,121.76558154075579,27.324583315660252,45.59621734060596,5,0
2025-04-22 20:00:00,138.4822818414502,27.671611332982987,45.44354248206215,4,0
2025-04-22 21:00:00,128.7087559833149,23.545165598039187,48.24950310480809,0,0
2025-04-22 22:00:00,124.69281534269847,22.25101120940371,44.503098349367875,8,0
2025-04-22 23:00:00,119.8859284103563,20.009885870833656,45.68484377562455,1,0
2025-04-23 00:00:00,121.99568057176036,19.40804631318853,48.62550621057192,8,0
2025-04-23 01:00:00,122.42235033227679,23.472474081860888,53.91960910326836,9,0
2025-04-23 02:00:00,130.69289031213302,22.75031619241252,45.95626492178874,1,0
2025-04-23 03:00:00,128.224806890612,22.216853001790323,63.729852663838244,8,0
2025-04-23 04:00:00,112.21712842961092,25.524724760647324,58.879620836989254,5,1
2025-04-23 05:00:00,130.35716751910513,28.19000231205929,57.58425035121508,8,0
2025-04-23 06:00:00,133.85740750512562,25.947296484770618,47.3514189469727,5,0
2025-04-23 07:00:00,137.406075650285,25.276322963721228,59.47519073199927,5,0
2025-04-23 08:00:00,128.76966611240564,33.041904357589885,57.66787146246561,15,0
2025-04-23 09:00:00,131.7366635396972,26.48173662502637,52.5858356586392,12,0
2025-04-23 10:00:00,143.03483699589495,28.941213135179108,51.634765774364936,20,0
2025-04-23 11:00:00,140.6832244181159,30.378705637455443,52.455007228799396,26,0
2025-04-23 12:00:00,139.0800833182366,29.455144597511417,47.05881770206159,41,0
2025-04-23 13:00:00,139.92106689280317,29.764626924428065,50.27119987986657,13,0
2025-04-23 14:00:00,141.05642505258973,30.812934598639867,41.25608205677992,13,0
2025-04-23 15:00:00,135.77879224867894,24.45535200968728,43.70197433573842,26,0
2025-04-23 16:00:00,133.42898444867723,26.126465094796686,47.23997280621147,28,0
2025-04-23 17:00:00,136.84629308131312,28.022052175053012,40.157762424296564,14,0
2025-04-23 18:00:00,129.2502717356558,26.262633787918254,41.779885619798726,41,0
2025-04-23 19:00:00,134.21649235874676,26.346436806638405,41.8039986741123,3,0
2025-04-23 20:00:00,121.48708197881079,25.455306565262607,41.379730460241944,7,0
2025-04-23 21:00:00,132.79944683393,19.594994332708914,42.59389647841697,2,0
2025-04-23 22:00:00,127.53936831411563,25.135471115328503,42.14312889275043,0,0
2025-04-23 23:00:00,123.89067251597042,20.308726155999818,48.16687100176389,3,0
2025-04-24 00:00:00,124.91345491972757,18.268973630447988,48.58366245580267,8,0
2025-04-24 01:00:00,130.9378960667139,21.721972514119074,60.31864129219874,0,0
2025-04-24 02:00:00,187.14306272102792,22.802510906589692,59.05571629554956,1,1
2025-04-24 03:00:00,118.44929749064357,26.220215958960175,49.807088332423746,8,0
2025-04-24 04:00:00,123.6021151663215,25.543746325540035,51.674464046754,1,0
2025-04-24 05:00:00,129.051135691696,28.403835986135807,59.00695891769386,2,0
2025-04-24 06:00:00,134.27259087478512,25.194713061010063,58.02347261280127,6,0
2025-04-24 07:00:00,138.45536190817035,28.217255513327352,58.74328867178105,2,0
2025-04-24 08:00:00,133.69178900992142,26.430758623194606,61.91606134110596,23,0
2025-04-24 09:00:00,139.41142447261115,29.434147036233426,58.64974730625226,42,0
2025-04-24 10:00:00,135.54160186401475,29.43068235168691,56.52814615229077,27,0
2025-04-24 11:00:00,136.77130821251646,29.599853763336295,59.81916377850218,18,0
2025-04-24 12:00:00,132.9666945157589,29.702944895276733,43.0555422291346,32,0
2025-04-24 13:00:00,135.2127309969217,31.387227554107298,47.93150371971929,19,0
2025-04-24 14:00:00,132.5600934976997,26.444538948885523,42.10473726026373,28,0
2025-04-24 15:00:00,133.59822438533908,27.439219599544522,50.106111117331295,14,0
2025-04-24 16:00:00,142.58871705872798,28.57911038435404,30.2929879330389,32,0
2025-04-24 17:00:00,131.120072361665,25.576207223969853,29.51333380854431,39,0
2025-04-24 18:00:00,147.3040459479179,27.163296024267563,41.52318148174025,34,0
2025-04-24 19:00:00,134.64181808457886,25.98590924760506,45.97222453373005,1,0
2025-04-24 20:00:00,130.92418061847437,22.192486709894833,45.20601756874087,1,0
2025-04-24 21:00:00,123.36187974639573,20.920504031142343,38.92402822154598,8,0
2025-04-24 22:00:00,128.67793029909538,17.34061397992668,52.532108610007896,5,0
2025-04-24 23:00:00,119.73233471321217,18.863921822836694,41.25446580600374,4,0
2025-04-25 00:00:00,120.6100490732268,20.0286465164212,56.537420947716726,9,0
2025-04-25 01:00:00,135.410946535745,21.61763756808227,47.09204919923449,5,0
2025-04-25 02:00:00,124.69608140342716,22.991989570282108,53.24087913831389,8,0
2025-04-25 03:00:00,133.40003527873017,22.27099669831614,60.26741550115006,6,0
2025-04-25 04:00:00,126.48411787437057,24.963393031957022,51.329214883363555,9,0
2025-04-25 05:00:00,132.0002861276896,26.88210350857011,67.00437525059452,9,0
2025-04-25 06:00:00,142.9961388019085,24.53499671286317,58.21028084299343,8,0
2025-04-25 07:00:00,132.7322315168859,28.180191551693433,60.345638941282125,3,0
2025-04-25 08:00:00,146.38275086567342,29.973216461514568,64.47125798304815,20,0
2025-04-25 09:00:00,142.01635032750312,28.257251065467106,53.10544108602973,30,0
2025-04-25 10:00:00,136.50618264631004,31.78372692358989,60.304068431276946,30,0
2025-04-25 11:00:00,142.9909359227538,28.979579926088164,60.79085830548706,31,0
2025-04-25 12:00:00,144.86277224813364,28.27987828975385,46.722105013352106,16,0
2025-04-25 13:00:00,142.93794703856219,31.028130970843943,54.25874791195626,26,0
2025-04-25 14:00:00,131.4673929263291,33.725845801823596,36.19710702879198,11,0
2025-04-25 15:00:00,134.8419047711014,29.409502562888488,44.87693416210737,21,0
2025-04-25 16:00:00,136.08291489793126,29.93006964607183,35.196753383636576,27,0
2025-04-25 17:00:00,135.49489966032448,26.916098960716663,45.05358447979027,20,0
2025-04-25 18:00:00,137.24549611148433,24.58783537227342,44.30228024211102,25,0
2025-04-25 19:00:00,133.06373358484066,26.420145581888676,50.72764171506553,2,0
2025-04-25 20:00:00,123.32327820644949,25.648799943575824,48.446160876918114,8,0
2025-04-25 21:00:00,129.55465790233163,23.111012142888576,42.10007620012725,3,0
2025-04-25 22:00:00,128.22930962846954,23.85030348706822,39.59126256350579,4,0
2025-04-25 23:00:00,125.40947608405624,19.997101902571877,50.240244947321735,6,0
2025-04-26 00:00:00,121.4039036277731,18.195827468296514,49.696342948072534,4,0
2025-04-26 01:00:00,122.25802984826534,23.426547783172843,60.34396567400373,3,0
2025-04-26 02:00:00,122.43700511778252,24.718885704108466,44.16809578292111,1,0
2025-04-26 03:00:00,121.7721063605482,22.55814811197954,68.01135160830862,1,0
2025-04-26 04:00:00,115.69519533242004,28.437700980809645,61.3202070759034,3,0
2025-04-26 05:00:00,127.88827395980246,25.513400905026707,55.59419765428882,9,0
2025-04-26 06:00:00,128.35214693480032,27.240633541153393,63.66994613709283,9,0
2025-04-26 07:00:00,130.05154763063663,27.764228319215498,66.1463653693392,8,0
2025-04-26 08:00:00,123.47266358144948,29.707774472735746,59.23198849436283,7,0
2025-04-26 09:00:00,125.37678981813926,29.781638312714755,48.24646589114126,2,0
2025-04-26 10:00:00,136.7205774872896,30.175182586053996,53.53076481826447,8,0
2025-04-26 11:00:00,131.6653420126977,27.87532535029833,57.7851657162359,4,0
2025-04-26 12:00:00,135.40750348686313,26.62287536642063,52.48332367113687,2,0
2025-04-26 13:00:00,132.00470966263327,32.19876867024382,46.62927439479793,4,0
2025-04-26 14:00:00,131.6035939181038,28.568366265011193,51.54157915445718,9,0
2025-04-26 15:00:00,135.47349155006057,29.140728578245913,46.62546139229602,3,0
2025-04-26 16:00:00,127.27618281946415,29.313851857623952,45.42144174184734,7,0
2025-04-26 17:00:00,129.17425732936468,31.191552609610888,38.28756827720531,4,0
2025-04-26 18:00:00,125.00233205545956,27.39378366115049,37.46308159126951,9,0
2025-04-26 19:00:00,149.61079601571583,25.298019164239015,31.840943133694203,7,1
2025-04-26 20:00:00,122.4541393826568,23.952911237426285,40.04278718246934,8,0
2025-04-26 21:00:00,123.23360377601,23.75212064116702,47.605892457125165,3,0
2025-04-26 22:00:00,117.74736161332295,20.769460911743984,43.97953351492206,6,0
2025-04-26 23:00:00,124.36719970338844,21.36301336849854,49.639503781619815,1,0
2025-04-27 00:00:00,111.52696348890248,19.895960623083973,55.5559967832664,5,0
2025-04-27 01:00:00,117.15406085471402,24.58831581948882,54.45235541001837,7,0
2025-04-27 02:00:00,117.94244943026946,22.420988173843362,57.35257380880401,6,0
2025-04-27 03:00:00,129.3578243396101,19.9778580015532,50.2819555016777,6,0
2025-04-27 04:00:00,124.98277388255788,30.347021940792956,57.0474301173345,7,0
2025-04-27 05:00:00,130.8994055614827,28.0012817523994,68.29239079537365,6,0
2025-04-27 06:00:00,119.8859066337999,31.235765300056645,60.51898590548047,4,0
2025-04-27 07:00:00,130.02890477400607,25.618893428943384,69.14294917287356,6,0
2025-04-27 08:00:00,134.3045604386682,28.216600475331802,55.04467588464965,9,0
2025-04-27 09:00:00,131.1934924665577,30.587597808101506,58.24080507253817,2,0
2025-04-27 10:00:00,136.78221509595184,30.7320410074596,53.08660781224066,4,0
2025-04-27 11:00:00,129.2766755314791,30.528324028457206,55.54811387664798,6,0
